Part ID,Part Barcode,Part Name,Brand Des,Category Level 1,Category Level 2,Units in Carton,Cost
12155, ,6 MKCK (*),Fruta,Vegetables, ,12155,2.00
12153, ,6 TQSA (*),Fruta,Vegetables, ,12153,8.00
12157, ,154 VRW (*),Fruta,Vegetables, ,12157,11.00
12158, ,351 MAC (*),Fruta,Vegetables, ,12158,7.00
7363,7290000208091,"AASTR WZPP M1 X""R ODTW",Fruta IL,Vegetables,Pea,7363,5.00
5002,7290000208329,"ABEQ GBBZ Q3 X""L ZEOV",Fruta IL,Corn,Corn,5002,9.00
23833,7290018359051,"AFRBA LQAZ ELMI 5 U' SSDF XOR""H",Fruta IL,Concentrate,concentrate,23833,5.00
5420,7290000208404,"AHF Q5 H""X ZPIL",Fruta IL,Legumes,Legumes,5420,6.00
24607,7290013010032,"AJESQH 375 W' R""N",Fruta Badaz,Tomatoes,Cooking sauces,24607,14.00
5032,7290000208893,"AKJE YWEU 05AT M""J PAEP",Fruta IL,Corn,Corn,5032,7.00
16580,7296073162940,"ALHZC M0 K""H ED",Fruta ,Vegetables,Pea,16580,13.00
15834,7290002111764,"AMMALT IENWE L7 N""O T""P",Fruta Badaz,Legumes,bean,15834,13.00
24671,7290000207063,APITIL 640 D' IOYZ,Fruta IL,Tomatoes,Tomato paste,24671,9.00
7256, ,"APUGH O9 U""Y AM&O",Fruta IL,Tomatoes, ,7256,5.00
21853,7290010049028,"AQOZW YRUL KPO 1 R' KNZVYZIL FAF""B",Fruta ,Concentrate,Diet concentrate,21853,8.00
5251,7290000208367,"ARBFUHM HOVAETYC Z6.4 S""H JFEG",Fruta IL,Tomatoes,mashed tomatoes,5251,7.00
5389,7290000208220,"AUQMML Z'AXW Z6 C""P GUKF",Fruta IL,Legumes,bean,5389,12.00
12245, ,AVHC ETCI (CEL),Fruta,Legumes, ,12245,12.00
7266, ,B.MEE' 66% 995 BAD RI&J,Fruta IL,Legumes, ,7266,5.00
24591,7290002111337,"B.RWB' 16% 776 U' B""H",Fruta Badaz,Tomatoes,Tomato paste,24591,14.00
20763,7296073342137,B.XJT' 07% 638 T' HQ (11),Fruta ,Tomatoes,Tomato paste,20763,9.00
16183,7290000032726,"BBCYO H3 W""Y F""Z",Fruta ,Vegetables,Other Vegtables,16183,8.00
10531,7290010049011,BBUNO TZLW EBGWAZ 9 I' HDAYTGOW,Fruta ,Concentrate,Diet concentrate,10531,13.00
5355,7290000208428,"BGKPX M6 V""K JJRN",Fruta IL,Legumes,Hummus,5355,14.00
24336,7290018359327,"BKKYU QRXR BSZ 550 S""Y YTKK UKM""R",Fruta IL,Concentrate,concentrate,24336,11.00
16161,7290000032634,"BLFAS T8 S""I G""A",Fruta ,Legumes,Hummus,16161,9.00
5530,7290000209272,BMEOT MKZ 5 B' WSCG,Fruta IL,Concentrate,concentrate,5530,9.00
25873,7290018359853,"BMURQ SXNOYZ 76SB Z""S IDPE",Fruta IL,Legumes,lentil,25873,11.00
20300,633016119635,BNFC KUNH F'EAT D4,Fruta Badaz,Legumes, ,20300,11.00
13333,7290013531629,BOHCALH 563 QH' NTJL,Fruta IL,Tomatoes,Cooking sauces,13333,14.00
24589,7290000209951,BPGU RURE 435 Q' NMEL,Fruta IL,Tomatoes,Cooking sauces,24589,12.00
19942, ,"CANWO K7 X""V RWGGXH",Fruta IL,Tomatoes, ,19942,11.00
8917, ,CDIT ZSHG 932 JM' LF&V,Fruta IL,Tomatoes, ,8917,5.00
10208,7290000208138,CDPBX NKUA BSVQB 4 R' HRMI,Fruta IL,Concentrate,Diet concentrate,10208,10.00
4997,7290017105819,"CEHI AZMT V3 D""P EITRP V""I",Fruta Badaz,Corn,Corn,4997,5.00
19886,7290000032726,"CFXWJ F1 U""T AQEED R""J",Fruta ,Vegetables,Other Vegtables,19886,8.00
7959, ,"CGQP O6 L""W MQUHG",Fruta IL,Vegetables, ,7959,13.00
22801,7290000207933,"CMJK AIAL T0 DEQZ/E""M",Fruta IL,Tomatoes,Cooking sauces,22801,14.00
14348, ,CNCV O' 8JT,Fruta,Tomatoes, ,14348,12.00
8119, ,"COJZ DAEG W3 E""L PL&W",Fruta IL,Tomatoes, ,8119,14.00
22313,7290017105482,COXXC 389 U' PETU YSBSP,Fruta IL,Tomatoes,Italian tomatoes,22313,7.00
5623,7296073169239,CTQIWT 836 V' NSVDNY,Fruta ,Tomatoes,Cooking sauces,5623,14.00
25088, ,"CTSEM JWHYR CZDZPA A1 N""H NGEXZ",Fruta IL,Tomatoes, ,25088,13.00
24608,7290000209968,CVVE SDNCQ 097 F' HTTG,Fruta IL,Tomatoes,Cooking sauces,24608,12.00
24453,7290002111702,"CYGQY J0 O""Z G""J",Fruta Badaz,Vegetables,Other Vegtables,24453,14.00
24640,7290018359396,"D.JYG' SCGAP 016 B' J""A",Fruta Badaz,Tomatoes,Tomato paste,24640,6.00
14563,7290000209555,"DDPBP VREX MEP""I 9 T' IGCJ ZWQ""I",Fruta IL,Concentrate,Diet concentrate,14563,15.00
14561,7290000209524,"DEWJN KNQF GCP 0 I'  ZZXI ERC""G",Fruta IL,Concentrate,Diet concentrate,14561,6.00
5248,7290000208343,"DFOQGRF SWX Z1.9 C""Q LMCG",Fruta IL,Tomatoes,mashed tomatoes,5248,14.00
24635,7296073169253,DLWTBJZ HFO 189 C' QWCXFK,Fruta ,Tomatoes,mashed tomatoes,24635,7.00
24765,7290013531667,"DMC XUU""L WSWP N4 RDMT/X""J",Fruta Badaz,Fruits,Apple,24765,12.00
16674,900005,"DMNH ZPSB Y5 G""G VNL",Fruta Military,Corn,Corn,16674,11.00
5127,7290000208114,"DMXJD WBMW X1 H""V GJEC",Fruta IL,Vegetables,Pea,5127,7.00
25530,7290018359716,DNQE VWWO CNLAZT 720 J' QOEK,Fruta IL,Tomatoes,Cooking sauces,25530,6.00
5622,7290013010032,"DOSUBI 500 W' E""Z",Fruta Badaz,Tomatoes,Cooking sauces,5622,15.00
25471, ,DQKY GZLS TXIWDV PHQRB WRANEV,Fruta,Concentrate, ,25471,5.00
12151, ,DRNG Q' A65\Y1,Fruta,Concentrate, ,12151,7.00
14554,7290000208138,"DSGMJ DBXF JFFQB 8 X'LXPN VNH""E",Fruta IL,Concentrate,Diet concentrate,14554,7.00
5228,7290000210438,"DTERUKW J9 MOHM/U""C",Fruta Badaz,Tomatoes,mashed tomatoes,5228,10.00
24633,7296073169239,DTSCJS 286 V' FYZRBQ,Fruta ,Tomatoes,Cooking sauces,24633,5.00
16165,7290000032764,"DUVDMS QGCCR Y2 W""D N""Z",Fruta ,Legumes,bean,16165,14.00
7962, ,DVNNVJ 029 JC' CKYMJ,Fruta IL,Legumes, ,7962,11.00
23495,7290017106076,"DVRND P94 ESSF/T""H",Fruta Badaz,Legumes,Hummus,23495,12.00
24630, ,"DYWJWW SQLSV EVDI G0 M""V KQ&Y",Fruta IL,Legumes, ,24630,12.00
6406, ,E.MGR' 72% 276 D' MCIFM,Fruta IL,Legumes, ,6406,6.00
23827,7290018359037,"EDZQN GXGW MDQHP 6 Z' PGJL XRJ""R",Fruta IL,Concentrate,concentrate,23827,10.00
5611,7290000209708,EFOSLDE XUJGJTMH 005 U' VOVK,Fruta IL,Tomatoes,mashed tomatoes,5611,9.00
25548,7290018359617,"EGHIU QGTFY LBDIXP X99 ZXLM/S""N",Fruta Badaz,Legumes,Hummus,25548,9.00
24695,7290018359419,"ELVWTU S'YUS 7ZT I""D ETBH QAZEKQB",Fruta IL,Legumes,bean,24695,13.00
22402, ,EOMPT HQEDF 513 O' XAOLKOP,Fruta ,Tomatoes, ,22402,6.00
16636, ,EOUT XPCX 692 CNW XNJK ULYQ,Fruta IL,Tomatoes, ,16636,6.00
24658,7290000209913,EPHQQD 803 E' SQKN,Fruta IL,Tomatoes,Sliced tomatoes,24658,14.00
15371,7290013010353,"EQAGNQV ASXBJQYX I0.4 X""G E""B",Fruta Badaz,Tomatoes,mashed tomatoes,15371,8.00
24575,7290000208947,EQBYAYP 440 E' UPEW,Fruta IL,Tomatoes,mashed tomatoes,24575,9.00
24211,7290000032764,"ESINIL UMXVM Q1 W""R B""H (*)",Fruta ,Legumes,bean,24211,10.00
11401, ,EVLD THSX ZIYGUG (2407),Fruta,Tomatoes, ,11401,8.00
10218,7290000209562,EWBYA BKCB SWHL 6 R' DHLZ,Fruta IL,Concentrate,Diet concentrate,10218,12.00
9501,7290002111696,"EXCMWRR O8.5 I""D D""T",Fruta Badaz,Tomatoes,mashed tomatoes,9501,8.00
6316, ,EZBEJTO FYLASZEM 815 M' YMLQYS,Fruta IL,Tomatoes, ,6316,15.00
5617,7290000209913,EZFDJL 940 X' SPBO,Fruta IL,Tomatoes,Sliced tomatoes,5617,13.00
24797,7290018359549,"F.KVP' HDAER 650 K' K""A MZB""U",Fruta ,Tomatoes,Tomato paste,24797,10.00
15509,7290002111665,"F.URM' V1 14% U""K H""N",Fruta Badaz,Tomatoes,Tomato paste,15509,14.00
22393,860365001827,FCIZE OSZIF 062 P' YJFUJDT,Fruta ,Tomatoes, ,22393,12.00
21341,76937000161,FDHX HYIG 074 HN' PWQB,Fruta IL,Tomatoes, ,21341,5.00
24659,7290013531612,FEEVDAEJ 465 CV' VWNQ,Fruta IL,Tomatoes,Cooking sauces,24659,14.00
16735,900000,"FEQVX GDFT M1 N""Z MOB",Fruta Military,Vegetables,Pea,16735,11.00
17948,7290017105109,"FGIBPW FCEOUT PYIP 3YM E""O VQML",Fruta IL,Legumes,bean,17948,9.00
25002,7290018359662,"FHH TNYO PSWTMD 7LN N""F YJRCN YMXO",Fruta IL,Vegetables,Other Vegtables,25002,14.00
5637,7290013010018,"FLLG GAVZ 008 K' D""D",Fruta Badaz,Tomatoes,Cooking sauces,5637,11.00
5603,7296073169253,FMVVPVS YEJ 729 R' WHWETG,Fruta ,Tomatoes,mashed tomatoes,5603,15.00
24676,7290013010308,"FOIT AAAA PSFLRE 085 Y' I""W",Fruta Badaz,Tomatoes,Cooking sauces,24676,10.00
12546,7290013531377,"FPNTLK J7 L""G VMYG",Fruta IL,Legumes,Legumes,12546,13.00
21187,7290017105369,FQXJF UNRU NIOU BK LEHMU 1 Z' BXNC,Fruta IL,Concentrate,Diet concentrate,21187,14.00
18168,7290017105147,"FSYUO GZRRSP J4 B""P VYMV",Fruta IL,Vegetables,Pickled vegetables,18168,6.00
21854,7290010049004,"FTDXG PLIV UTAON 4 T' WYLOVQAO LVS""L",Fruta ,Concentrate,Diet concentrate,21854,6.00
5653,7290013010094,"FVSQ VXEMKY 713 J' F""W",Fruta Badaz,Tomatoes,Cooking sauces,5653,7.00
5331,7290002111139,"FZV VWP""Q WDOZ E3 W""R T""V",Fruta Badaz,Fruits,Apple,5331,13.00
21454,76937000390,"G.TLV' 31% 239 C' ""HIWP""",Fruta IL,Fruits, ,21454,7.00
22535,7290000207162,G.UAV' 12% 271 K' HLRF,Fruta IL,Tomatoes,Tomato paste,22535,8.00
21493, ,G.WZX' B.A. R8 68% (SFGS CPIJBI),Fruta IL,Fruits, ,21493,11.00
6407, ,G.XZR' 00% 533 M' UCUIK,Fruta IL,Fruits, ,6407,9.00
24448,7290018359358,"GCCBZV 2GZ J""Y BORZK AEWA",Fruta IL,Tomatoes,Tomato paste,24448,7.00
12468,7290017106069,"GCK POFU DRGGSH D0 H""U TLHA",Fruta IL,Vegetables,Other Vegtables,12468,15.00
24604,7290000208855,GDMF ENMT 411 Z' GWKV,Fruta IL,Tomatoes,Cooking sauces,24604,15.00
12149, ,GDZK W' I7,Fruta,Fruits, ,12149,5.00
5379,7290000208213,"GJCEQQ RRQUG O2 K""T SZOG",Fruta IL,Legumes,bean,5379,6.00
22736, ,"GKI RMW""Q FKJS P6 Y""N AANQR WEZ""B",Fruta Badaz,Fruits,Apple,22736,5.00
21337,76937000147,GTSO OCJT 005 BS' GZHP,Fruta IL,Fruits, ,21337,15.00
23144,7290018359006,"GVBZUM D9 HGXW (VOL""B)",Fruta IL,Tomatoes,Sliced tomatoes,23144,9.00
12919,7290013531728,"GZJVJ UWUQDI FNU""J 6 A' PAAO",Fruta IL,Concentrate,concentrate,12919,11.00
22153,7290000207162,H.FDN' 56% 135 D' EWYT RUKO + 59%,Fruta IL,Tomatoes,Tomato paste,22153,13.00
24795,7290018359532,"H.NPY' UKMKK 550 P' L""V GPF""X",Fruta ,Tomatoes,Tomato paste,24795,7.00
23428,7290017105840,H.YZP' 35% 293 B' SWCZ ENKHVM,Fruta IL,Tomatoes,Tomato paste,23428,14.00
10423,7290013010308,"HCCT ZXOO UYOXTH 975 C' S""T",Fruta Badaz,Tomatoes,Cooking sauces,10423,13.00
5037,7290000208800,"HHKF KBC 21JN A""S YYWI UEH""L",Fruta IL,Corn,Corn,5037,12.00
22763,7290017105710,"HHQV YZNY R5 Z""D",Fruta ,Corn,Corn,22763,10.00
24587,7290000209708,HLODDWM QVPFIWFM 515 U' MLOA,Fruta IL,Tomatoes,mashed tomatoes,24587,7.00
24675,7290013531117,HLYT NKYT HCJJZX 830 T' FZYX,Fruta IL,Tomatoes,Cooking sauces,24675,10.00
23652,7290018359082,"HONB TAC""G XSFJW F4 A""Y XTBR",Fruta IL,Fruits,Apple,23652,15.00
7560,7290002111818,"HOWN 02SW C""U P""X",Fruta Badaz,Corn,Corn,7560,9.00
12606,7290002111825,"HPFI PYGR D2 D""R D""V",Fruta Badaz,Corn,Corn,12606,12.00
24242,7290017105628,"HPMR GHD""O FKFTI 996 I' QVWK (QWHYKIN)",Fruta IL,Fruits,Fruit delicacies,24242,14.00
4975,7290000210360,"HPTH EQCC W5 LHDI/G""M",Fruta Badaz,Corn,Corn,4975,10.00
16484,7290000208336,"I.KSO' 11% 787 V' JQXV GMM""A",Fruta IL,Tomatoes,Tomato paste,16484,6.00
24965,7290000208336,"I.MNU' 06% 815 C' QZIV OSR""B",Fruta IL,Tomatoes,Tomato paste,24965,13.00
20581, ,"I.NCZ' Y6 21% UGDSIN RX""F IPO""D (WNQKF)",Fruta,Fruits, ,20581,11.00
22065,7290017105468,"IAOCQ AIOZ 3GG S""S IZRMR BNSY",Fruta IL,Vegetables,Pea,22065,10.00
5466,7290000209029,IAWX 6% 2 C' ISNJ,Fruta IL,Concentrate,Vinegar,5466,7.00
5285,7290000207698,"IGTTT B4 BLZY/U""I",Fruta Badaz,Tomatoes,ketchup,5285,6.00
18251, ,"IIDA LQF J4 L""Y NW&H",Fruta IL,Fruits, ,18251,10.00
23834,7290018359044,"IIEYT MEDZ XRE""B 9 P' KVOJ OXY""T",Fruta IL,Concentrate,concentrate,23834,8.00
5636,7290000208855,IKDN FQJR 589 T' ZUQD,Fruta IL,Tomatoes,Cooking sauces,5636,13.00
5644,7290013531117,IKHE MULR XWWHYZ 104 K' ZAGI,Fruta IL,Tomatoes,Cooking sauces,5644,10.00
24605,7290013010018,"ILNZ JVUF 789 O' K""M",Fruta Badaz,Tomatoes,Cooking sauces,24605,15.00
5330,7290004165017,"IMD LEI""X ZRHR S6 N""N OBSV",Fruta IL,Fruits,Apple,5330,12.00
6687,7290000209043,"INMS FLDML 6 F' KAAS FQE""V",Fruta IL,Concentrate,Vinegar,6687,7.00
12320, ,IOMTS ETUDPS TQQ OFO 0 YRBI CI&O,Fruta IL,Fruits, ,12320,5.00
6408, ,"IVVVI H0 B""Q QPKDS",Fruta IL,Fruits, ,6408,6.00
11247,7290013531667,"IWZ VWS""L PPUW L7 XSCG",Fruta IL,Fruits,Apple,11247,7.00
16795,7290002111931,"IXZKYY MIGMD L7 R""R Z""G",Fruta Badaz,Vegetables,bean,16795,12.00
18558,7290011154103,"IZQ CMC""V HKMH C8 K""Z TVAUF OYH""R",Fruta Badaz,Fruits,Apple,18558,13.00
23329,7290017105697,"IZT SXROJ KTLD 928 N""N OIQT-JEUZ",Fruta IL,Concentrate,Vinegar,23329,13.00
20026,7290000032665,"J.QBX' M1 33% F""W MOMPX O""R",Fruta ,Tomatoes,Tomato paste,20026,8.00
24484,7290018359334,"JAWJVJ GO M2 M""O TXGM",Fruta IL,Tomatoes,Tomato paste,24484,14.00
21799,7290000209371,"JDCE 9SO S""D XNYTO ENGB",Fruta IL,Corn,Corn,21799,9.00
17944, ,"JDDJIH ZREQI HLCE 9KI Z""H VXFTC TEPC M.C.",Fruta,Vegetables, ,17944,6.00
5130,7290002111511,"JEAWC KBHL Y2 J""K X""J",Fruta Badaz,Vegetables,Pea,5130,15.00
16582,7296073162988,"JGISAW XPHPO J1 E""C BC",Fruta ,Legumes,bean,16582,9.00
24606,7290000209944,JLLMNT 531 P' DICI,Fruta IL,Tomatoes,Cooking sauces,24606,14.00
15450,900008,"JLSQNQX (DHAZV) YGRTX JV""L",Fruta,Vegetables, ,15450,7.00
12231,7290000210469,"JPUMD Z7.5 L""R YYID",Fruta IL,Tomatoes,tomatoes,12231,10.00
21787,7290000209388,"JQPB BVPU 8OI B""F MNJFD KQTT",Fruta IL,Corn,Corn,21787,13.00
12054,7290013531698,JQXEI HMEPJT QWZNQ 5 F' DLPU,Fruta IL,Concentrate,concentrate,12054,13.00
16494,7290000032474,"JRTJE L5 X""N J""J",Fruta ,Vegetables,Pea,16494,11.00
23880,7290017106106,JUV EEH' C0 51% WVUN YOCY,Fruta IL,Tomatoes,Tomato paste,23880,10.00
22755,7290017105598,JVPX 4 SXYRH PJYKC,Fruta,Vegetables, ,22755,10.00
5571,7290000208336,K.EPO' 70% 992 C' DNOF,Fruta IL,Tomatoes,Tomato paste,5571,13.00
5572,7290002111337,"K.STT' 19% 207 N' W""B",Fruta Badaz,Tomatoes,Tomato paste,5572,15.00
23077,7290000207162,"K.VYR' 57% 700 E' XFYN QYT""D",Fruta IL,Tomatoes,Tomato paste,23077,15.00
24634,7296073169260,KATPCJK 790 H' HDYMIU,Fruta ,Tomatoes,mashed tomatoes,24634,9.00
21492, ,KFOXXEP R.N. K6 (CQUJ RSBDYQ),Fruta IL,Vegetables, ,21492,12.00
17769,7290017105024,"KJHFD K6.1 N""O OYUL",Fruta IL,Tomatoes,Italian tomatoes,17769,11.00
21788,7290017105383,"KQZW UBL 5OT N""Z BJZHK YYQX",Fruta Badaz,Corn,Corn,21788,6.00
5652,7290000210896,KRBD UUCADZ 664 G' PPCQ,Fruta IL,Tomatoes,Cooking sauces,5652,15.00
24787,7290018359495,"KTGO UBYTY X5 B""I PILW",Fruta IL,Corn,Corn,24787,10.00
24821,7290018359563,KWTF ITJX IMR FBWD NJOJB UOFB 3 IXMPI,Fruta,Vegetables, ,24821,5.00
22828,7290000209319,"L.HFE' P2 63% FEJN/P""O",Fruta Badaz,Tomatoes,Tomato paste,22828,6.00
25454,7290018359822,"L.JDT' EAYCV 133 IJK ZCKTZ OJV""P",Fruta Badaz,Tomatoes,Tomato paste,25454,8.00
25348,7290018359525,"LAQ YJV AATICJW 040 RKI L""B QRJP (HAWV)",Fruta IL,Vegetables,Stuffed vegetables,25348,14.00
20024,7290000209722,"LMOKQW Z2 M""R HGAL",Fruta IL,Tomatoes,Tomato paste,20024,12.00
7262, ,"LPYBU T7 Y""I BP&Y",Fruta IL, , ,7262,13.00
20840,900004,"LRBW JFKQ E6 Y""Q XSS",Fruta Military,Corn,Corn,20840,6.00
8659,7290013531490,"LRP KTKYR I7 S""U ZXLD",Fruta IL,Legumes,Legumes,8659,12.00
24576,7290013010001,"LSCFZPZ 801 D' F""U",Fruta Badaz,Tomatoes,mashed tomatoes,24576,12.00
6409, ,"LSCRU B7 N""D EWQOJ",Fruta IL, , ,6409,15.00
12152, ,LSIC X' 21SB,Fruta, , ,12152,15.00
6915,7290000209173,"LTXI MUKNEX 0 U' YLMM GES""O",Fruta IL,Concentrate,Vinegar,6915,10.00
23848,5018804042916,LWQZ JRKAPL 818 SN' GR) XGEZ),Fruta IL, , ,23848,7.00
18689,7290002111122,"LXJ XJU""O JZOMH B2 L""K A""J GXG""W",Fruta Badaz,Fruits,Apple,18689,13.00
10530,7290006494597,"LYGIY AMCL SCZ""A 4 A' AEGGTGYQ",Fruta ,Concentrate,Diet concentrate,10530,7.00
7275, ,M.AYO' 50% 287 CXH LX&K,Fruta IL, , ,7275,7.00
21491,7290017105437,M.CYW' 02% 097 Y' .P.E (TJOF NGXVKD),Fruta , , ,21491,6.00
23079,7290002111085,"M.JIX' 99% 987 E' D""Z YTG""W",Fruta Badaz,Tomatoes,Tomato paste,23079,14.00
6311, ,M.LYV' 59% 274 O' IGFLSD,Fruta IL, , ,6311,10.00
24641,7290018359280,"M.OMW' GTQAI 531 ROA J""Q",Fruta Badaz,Tomatoes,Tomato paste,24641,11.00
5590,7290000208947,MDAALUS 825 W' KKQQ,Fruta IL,Tomatoes,mashed tomatoes,5590,12.00
24154, ,MDKFW ZTRXD WKUQ ALBXF 977 CT',Fruta, , ,24154,11.00
4976,7290000210360,MFLJ BGGG L1 QTDP,Fruta IL,Corn,Corn,4976,9.00
17942,7290017105086,"MFZFSO V'DIS 5EP C""G YBUU",Fruta IL,Legumes,bean,17942,7.00
10219,7290000209500,MGBZQ AACK QAVWXM 4 D' LGJG,Fruta IL,Concentrate,Diet concentrate,10219,6.00
23956,7290018359129,MJAOR HPNQ 644 MTB LWWK-NACV,Fruta IL,Tomatoes,Italian tomatoes,23956,13.00
12004, ,"MOT TNYJM G5 D""Y NG&P",Fruta IL, , ,12004,8.00
21494,7290017105451,"MSPMZKR A3.6 M""M .W.P (QGOK PKOBHU)",Fruta IL, , ,21494,15.00
24789,7290018359556,"MTCR GHEFU 19ES Z""Y RQMW",Fruta IL,Corn,Corn,24789,5.00
12166, ,MTYK S' M2.2,Fruta, , ,12166,13.00
10532,7290010049042,MUIPP ZLBW ZISVE 5 D' YTOWXZIS,Fruta ,Concentrate,Diet concentrate,10532,9.00
24258,7290018359099,"MUJE YZDR 5QL A""Z EBUN",Fruta IL,Legumes,Legumes,24258,11.00
17939,7290017105079,"MZHLVH TGICW 8RQ N""N MMFC",Fruta IL,Legumes,bean,17939,12.00
25452,7290018359815,"N.TUO' WUDKP 596 TFB JRCXA LJV""U",Fruta Badaz,Tomatoes,Tomato paste,25452,7.00
5638,7296073169246,NBLE ITRM 492 B' PDXFGY,Fruta ,Tomatoes,Cooking sauces,5638,11.00
23776,7290018359013,NEIEC 663 SGX ZTDJ (HFNCWR) EMIQ,Fruta Badaz,Tomatoes,ketchup,23776,6.00
5351,7290017105772,"NFKHY A3 B""T HPTEF H""J",Fruta Badaz,Legumes,Hummus,5351,10.00
23774,7290111010217,NLOBX 898 HOU (VVIDFTW) KNEG,Fruta ,Tomatoes,ketchup,23774,10.00
19420,7290000208176,"NOP""K Y2 V""B QMGL",Fruta IL,Vegetables,Other Vegtables,19420,13.00
12526,7290013531759,"NXRHSZ VSZPO MULP L2 T""O EZSI",Fruta IL,Legumes,bean,12526,6.00
5155,7290000208251,"ODPHRT LGIIT C0 S""J WGDR",Fruta IL,Vegetables,bean,5155,15.00
22504,7290017105550,ODY YXJ' 84% 713 F' YSPF 304% (EHSYMOM),Fruta IL,Tomatoes,Tomato paste,22504,9.00
5255,7290000210452,OIIWCQ A8 NWBD,Fruta IL,Tomatoes,Sliced tomatoes,5255,10.00
7260, ,"OJKBVE Q'JZP B2 Z""W IU&B",Fruta IL, , ,7260,10.00
25470, ,OKPA 0 LFFQQ VHGFC EBPR FWCGY,Fruta, , ,25470,7.00
12229,7290002111313,"OKVVAC G5.8  D""C F""V",Fruta Badaz,Tomatoes,Sliced tomatoes,12229,7.00
25897, ,OLGUB RXNMV EVIPQE MD&K K3,Fruta IL, , ,25897,6.00
14875,7290000208268,"OQIVLO FLJZQ T6 Q""X OYJT",Fruta IL,Vegetables,bean,14875,10.00
25573,7290018359686,"OQQQL GQCW T5 O""G JSGM",Fruta IL,Legumes,Hummus,25573,15.00
24577,7290000209906,ORHUAQP TQR 189 S' QHMU,Fruta IL,Tomatoes,mashed tomatoes,24577,15.00
17498,7290000208329,"OSFR NKMM V3 BYREF C""F VKTF",Fruta IL,Corn,Corn,17498,14.00
21487,7290017105444,OSLDJRK 256 PD' .Q.S (OSGN JPEJKF),Fruta IL, , ,21487,6.00
10528,7290010049028,OSQDY WFCF TJI 5 F' GTJSPQVC,Fruta ,Concentrate,Diet concentrate,10528,5.00
5122,7290017105758,"OSTZP LSNZ B7 P""E SRPIC X""Q",Fruta Badaz,Vegetables,Pea,5122,9.00
20303,633016087033,OUQ.GQD' P'ZVE L1 78%,Fruta Badaz, , ,20303,14.00
10227,7290000209531,OWUOA XHVL AAL' 6 Z' BTRF,Fruta IL,Concentrate,Diet concentrate,10227,14.00
6131,7290000208312,"OYYE 50YD E""Z JPGS",Fruta IL,Corn,Corn,6131,12.00
5178,7290000209326,"P.EPS' T5 23% UIXX/H""C",Fruta Badaz,Tomatoes,Tomato paste,5178,15.00
15513,7290000209715,"P.GKP' M5 50% J""R JITZ",Fruta IL,Tomatoes,Tomato paste,15513,11.00
23129,7290017105727,"PAJPN Q3 Y""B FWRBI BNJB",Fruta IL,Vegetables,Pea,23129,8.00
9916,7290013010254,"PAKE TDI' XRHSQI 851 DJ' D""R",Fruta Badaz,Tomatoes,Cooking sauces,9916,15.00
19286, ,"PCTNR A5 Q""H VN&U",Fruta IL, , ,19286,10.00
22804,633016018976,PFDMYT E'JOC J'WFL L64,Fruta Badaz, , ,22804,9.00
20073,7290017105406,"PFIHU 54ID Z""I UMRDQ ETEQ",Fruta IL,Tomatoes,Italian tomatoes,20073,7.00
6968,7290000032511,"PRECS FDER D2 P""K N""J",Fruta ,Vegetables,Pea,6968,7.00
5040,7290000208480,"PSMW OPJK K6 F""O XWMB",Fruta IL,Corn,Corn,5040,12.00
6304, ,"PSYPTXV C2.3 E""P LYFGPF",Fruta IL, , ,6304,12.00
10371,7290002111849,"PTBZ HAKI 87NM P""B R""K",Fruta Badaz,Corn,Corn,10371,5.00
5588,7290000207063,PWAIFC 386 E' SKXY,Fruta IL,Tomatoes,Tomato paste,5588,14.00
10229,7290000209586,PZEGP UEGW CRU JIR 4 S' OPFE,Fruta IL,Concentrate,Diet concentrate,10229,10.00
5180,7290002111658,"Q.VRK' C8 44% S""M",Fruta Badaz,Tomatoes,Tomato paste,5180,15.00
15770,7290002111634,"QANPB X8 S""O K""W",Fruta Badaz,Legumes,Hummus,15770,13.00
17951,7290017105116,"QDKYXX 5HD J""D PVKF",Fruta IL,Legumes,Legumes,17951,11.00
22839, ,QEKG Y' KVXYH 367 ECF,Fruta, , ,22839,12.00
12924,7290013531735,QJUZT UCTCWH CHHR 1 V' SISG,Fruta IL,Concentrate,concentrate,12924,13.00
5628,7290013010025,"QKKR NBND 220 Z' C""D",Fruta Badaz,Tomatoes,Cooking sauces,5628,8.00
5081,7290000208077,"QLRWE C8 O""X TEGN",Fruta IL,Vegetables,Pea,5081,10.00
10225,7290000209517,QMLCX IQFA YGVNQ 1 Z' DXOB,Fruta IL,Concentrate,Diet concentrate,10225,14.00
22754, ,QRQQ WGETC + OPH,Fruta, , ,22754,5.00
16661,7290000032207,"QRY K9 W""F V""M",Fruta ,Legumes,Legumes,16661,8.00
20069,7290017105413,"QTYAHVZ 61QW B""P PIPUK HHUP",Fruta IL,Tomatoes,mashed tomatoes,20069,7.00
7258, ,QUN AM&R N1,Fruta IL, , ,7258,9.00
18344,7290000208428,"QVRPZ M8 L""S JZEFF NCGK",Fruta IL,Legumes,Hummus,18344,5.00
24241,7290017105642,"QXLU TFX""Z LFFO 378 C' JNQO (SQMAGIG)",Fruta IL,Fruits,Fruit delicacies,24241,7.00
5083,7290002111474,"QXXWI L0 H""L V""U",Fruta Badaz,Vegetables,Pea,5083,7.00
5592,7296073169260,QZTYWSL 919 E' BSBUEM,Fruta ,Tomatoes,mashed tomatoes,5592,15.00
5207,7290002111689,"R.EHN' Y8 56% S""G",Fruta Badaz,Tomatoes,Tomato paste,5207,5.00
5575,7296073342144,R.TUE' 76% 695 A' DJ,Fruta ,Tomatoes,Tomato paste,5575,5.00
24568, ,RETFFLTU 426 P' MU&Q,Fruta IL, , ,24568,7.00
25350,7290018359730,RKRY DVRM NV ABG ADTBAM 985 WUX PFGJ (QDBX),Fruta IL,Vegetables,Other Vegtables,25350,9.00
22753, ,RLFL YCUSX,Fruta, , ,22753,11.00
13529, ,"RPKEYV H1 S""T IR&S",Fruta IL, , ,13529,14.00
21720,7290017105055,"RRRC 3CN O""R PWZKV L""H",Fruta Badaz,Corn,Corn,21720,5.00
16639, ,RSPF WZPM 823 AK' ZSUR SGRC,Fruta IL, , ,16639,9.00
24678,7290000210896,RUFI YRZOAI 617 M' YPQU,Fruta IL,Tomatoes,Cooking sauces,24678,15.00
23975,7290000209272,"RXYLQ DRDF BOK 2 D' XUDV/G""T",Fruta Badaz,Concentrate,concentrate,23975,9.00
5621,7290000209944,RYELQP 348 O' LGZM,Fruta IL,Tomatoes,Cooking sauces,5621,7.00
24310,7290000208336,S.GGB' 04% 885 Q' LSID,Fruta IL,Tomatoes,Tomato paste,24310,9.00
6306, ,S.SVI' 71% 125 K' MQMVAD,Fruta IL, , ,6306,10.00
5034,7290000208534,"SAMQ BZV M0 O""K TUSG UJW""L",Fruta IL,Corn,Corn,5034,13.00
17954,7290017105123,"SAQ 5UI Q""L VTLL",Fruta IL,Legumes,Legumes,17954,14.00
23825,7290018359020,"SCRBA RXJT NTP 6 P'  RVJF TZE""D",Fruta IL,Concentrate,concentrate,23825,5.00
18556,7290011154110,"SHM MEW""M JWYAY X9 S""J WUIJV LGB""C",Fruta ,Fruits,Apple,18556,9.00
12228,7290000207438,"SLZJQJ C9.0  E""B GNAH",Fruta IL,Tomatoes,Sliced tomatoes,12228,6.00
16637, ,SNNRDWJ 598 CZC PVVY YZZU,Fruta IL,Vegetables, ,16637,15.00
23131,7290017105765,"SPPCE A5 V""E LRZLI VADN",Fruta IL,Legumes,Hummus,23131,5.00
4623, ,SXDOT BBHAZAX,Fruta,Vegetables, ,4623,7.00
5085,7290000210148,"SYUTZ X2 T""M CZQS DLI",Fruta ,Vegetables,Pea,5085,11.00
23419,7290017105826,T.MTZ' 01% 841 Q' UCZJ MQLDHOV,Fruta,Tomatoes,Tomato paste,23419,8.00
20917,7290013531858,"TBEV 5BH L""T IALZ",Fruta IL,Corn,Corn,20917,7.00
23957,7290018359112,TBGYYX UGLQ 978 JTS MVZK-JNVQ,Fruta IL,Tomatoes,Italian tomatoes,23957,10.00
15369,7290013010346,"TBVVNIT NIX Q8.7 P""D K""L",Fruta Badaz,Tomatoes,mashed tomatoes,15369,12.00
24240,7290017105635,"TCUX BQL""T OYK 509 H' BFQO (OAVHEHI)",Fruta IL,Fruits,Fruit delicacies,24240,10.00
6007, ,TFOIY HULW 26%,Fruta,Vegetables, ,6007,14.00
21335,76937000178,TGJQAD 581 LD' IKXA,Fruta IL,Vegetables, ,21335,14.00
15546,7290002111405,"TGVV IHDJ N9 D""L",Fruta IL,Tomatoes,Cooking sauces,15546,12.00
24881,7290018359587,"TILUN 9IK B""N KBNGP HIYV",Fruta IL,Legumes,Hummus,24881,15.00
12608,7290002111948,"TMVFUQ ZATEE N8 H""B U""A",Fruta Badaz,Vegetables,bean,12608,6.00
23135,7290017105055,"TPNR MOJHK 0KA K""U PUNGT Y""F",Fruta IL,Corn,Corn,23135,15.00
6966,7290000209012,"TRNV 9% 9 C' SCQW DAK""C",Fruta IL,Concentrate,Vinegar,6966,15.00
16504,7296073163008,"TXXFL I1 X""Q DO",Fruta ,Legumes,Hummus,16504,9.00
8006,900003,UBXY IUSD 749 R' FJB,Fruta Military,Tomatoes,Cooking sauces,8006,13.00
24590,7290013010025,"UCDJ UDAV 824 G' J""Z",Fruta Badaz,Tomatoes,Cooking sauces,24590,9.00
10210,7290000209524,UFMRC VOEX XDE 0 O'  LQPA,Fruta IL,Concentrate,Diet concentrate,10210,8.00
6301, ,"UFRR L3 Q""C MYTQQZ",Fruta IL, , ,6301,9.00
7853,7290000208008,"UHSPB D7 I""I YVPE",Fruta IL,Vegetables,Other Vegtables,7853,9.00
5073,7290017105734,"UHTOV Y5 K""T EOCRH A""C",Fruta Badaz,Vegetables,Pea,5073,7.00
22463,7290017105567,"UKD HDMPD 2 B' YABM EFB""C",Fruta IL,Concentrate,Vinegar,22463,15.00
7263, ,"UMCQ QZCO R9 C""H VA&Z",Fruta IL, , ,7263,5.00
10237,7290013531346,URIKH KLYR AYNLBMRU 1 C' NEVZ,Fruta IL,Concentrate,Diet concentrate,10237,11.00
24802,7290018359501,"UTG RFHV RDPYYX H7 E""T L""T",Fruta Badaz,Vegetables,Other Vegtables,24802,9.00
5627,7290000209951,UUGF TAFJ 210 F' HFMB,Fruta IL,Tomatoes,Cooking sauces,5627,14.00
5602,7290000208930,UXBKAEO ODH 339 N' BFJP,Fruta IL,Tomatoes,mashed tomatoes,5602,11.00
21839, ,UYVXT VENROX NAK AOB 411/908 (018432),Fruta, , ,21839,15.00
24673,7290002111337,"V.KBF' 66% 426 G' J""S FTL""S",Fruta Badaz,Tomatoes,Tomato paste,24673,11.00
15514,7290002111672,"V.ZGA' V4 94% T""H U""J",Fruta Badaz,Tomatoes,Tomato paste,15514,8.00
5024,7296073162933,"VABK JSTB B8 W""X MH",Fruta ,Corn,Corn,5024,9.00
23124,7290017105895,"VADHW ZKCXB BAOKXN B1 M""I GLJJ",Fruta IL,Legumes,Hummus,23124,13.00
19589,7290017105253,VAPKU 293 QEN TKOR,Fruta IL,Tomatoes,ketchup,19589,11.00
22806,633016018990,VBIPPI ESLVY E'SBB B55,Fruta Badaz, , ,22806,14.00
20549,7290000207438,"VBQYPN G3.9  H""E ZRYUW NAYQ",Fruta IL,Tomatoes,Sliced tomatoes,20549,6.00
5477,7290000209012,VCMP 7% 0 O' NYJL,Fruta IL,Concentrate,Vinegar,5477,5.00
6869,7290000209050,"VFZQ GFVSF 4 J' GDPD CII""H",Fruta IL,Concentrate,Vinegar,6869,9.00
5325,7290002111122,"VHC WHP""O TWDXH Y1 D""L U""L",Fruta Badaz,Fruits,Apple,5325,7.00
24696,7290018359426,"VKGTS 9UI B""E ICDU RQYCWCE",Fruta IL,Legumes,Hummus,24696,12.00
5173,7290000208459,"VKZ WOZ""Q S4 L""T WIKU",Fruta IL,Vegetables,Other Vegtables,5173,15.00
9623, ,"VLACNJ  N1 E""X UIQJ KBOR",Fruta IL, , ,9623,10.00
19590,7290017105260,VLGRV QQCSN QYJL 336 GRI BJFC,Fruta IL,Tomatoes,ketchup,19590,6.00
24340,7290018359310,"VLTQO RWSU TCYLO 353 L""M MWGX FST""O",Fruta IL,Concentrate,concentrate,24340,13.00
23133,7290017105789,"VOBL EXOU T7 J""J TBLBI GNAB",Fruta IL,Corn,Corn,23133,7.00
22601,900006,"VQA.NHRKLGB WGMYJ 190 QL LQGFR ZA""T XYI MLGDNF",Fruta, , ,22601,8.00
5598,7290000209906,VSRRAWV SVZ 419 S' SHWC,Fruta IL,Tomatoes,mashed tomatoes,5598,15.00
17935,7290017105062,"VSSNK 8ES L""H QFPG",Fruta IL,Legumes,Hummus,17935,7.00
25896, ,"VTLC NPSEY S2 C""U SS&K",Fruta IL, , ,25896,7.00
19873,7290000208176,"VWE""G Y4 K""H SR&Y",Fruta , , ,19873,15.00
21489,7290017105420,W.WJY' 137 UQ' .J.N (UFDP QKNRVM),Fruta IL, , ,21489,7.00
6693,7290002111337,"W.ZMP' 20% 723 T' G""L ULA""W",Fruta Badaz,Tomatoes,Tomato paste,6693,15.00
24679,7290013010094,"WCRU MMPYIE 594 L' L""J",Fruta Badaz,Tomatoes,Cooking sauces,24679,12.00
18620,7290002111139,"WCS ZGL""C IKSL X8 W""G V""J ORG""A",Fruta Badaz,Fruits,Apple,18620,14.00
19313,900001,"WDRWB Z6 S""U LHP",Fruta Military,Legumes,Hummus,19313,9.00
21339,76937000130,WHHD EDYA SGAHY 969 JD' SHAG,Fruta IL, , ,21339,8.00
15367,7290013010339,"WHJELGZ ODL G2.4 I""C Y""K",Fruta Badaz,Tomatoes,mashed tomatoes,15367,11.00
5274,7290000208244,"WITWQR V6 X""M EVNH",Fruta IL,Tomatoes,Cooking sauces,5274,8.00
5230,7290002111559,"WLYRATW H0 K""A",Fruta Badaz,Tomatoes,mashed tomatoes,5230,9.00
22151,7290000208978,WNCXSN 183 X' PEXI,Fruta IL,Tomatoes,Tomato paste,22151,14.00
5591,7290013010001,"WPNFPDW 173 X' Y""C",Fruta Badaz,Tomatoes,mashed tomatoes,5591,13.00
23974,7290000209302,"WSTFZ XPZX GWSVU 2 T' JULD/Y""S",Fruta Badaz,Concentrate,concentrate,23974,14.00
17913,900002,"WTPWCN IRJSC K6 D""F WII",Fruta Military,Legumes,bean,17913,13.00
25576,7290018359594,"WWDD XQFG I5 W""P DZMX",Fruta IL,Corn,Corn,25576,14.00
5245,7290000208350,"WXAMCXN OAH J3.9 E""W MJBT",Fruta IL,Tomatoes,mashed tomatoes,5245,6.00
17914,7290017105048,"WZIXN HJYJF BJLYTL 3GF C""D XLFNH CTCP",Fruta IL,Vegetables,Pickled vegetables,17914,13.00
5179,7290000209326,X.CSS' D6 48% WYSV,Fruta IL,Tomatoes,Tomato paste,5179,6.00
5254,7290000210452,"XDLCBG T4 FAGA/L""S",Fruta Badaz,Tomatoes,Sliced tomatoes,5254,14.00
24677,7290013531629,XDROXFG 695 LM' BJBF,Fruta IL,Tomatoes,Cooking sauces,24677,13.00
12060,7290013531704,XECLY VCEOGJ LBK RSD 8 C' JCFG,Fruta IL,Concentrate,concentrate,12060,14.00
7255, ,"XHKP O1 Y""B EB&Y",Fruta IL, , ,7255,11.00
10226,7290000208121,XHWZX ESKN FRH HKTE 2 E' ATWK,Fruta IL,Concentrate,Diet concentrate,10226,11.00
4977,7290002111542,"XJLB TFIZ T2 O""A",Fruta Badaz,Corn,Corn,4977,6.00
5309,7290000032498,"XQZOR Y2 P""X",Fruta ,Vegetables,Other Vegtables,5309,5.00
15361,7290013010322,"XRDFA T4.8 J""T X""B",Fruta Badaz,Tomatoes,tomatoes,15361,9.00
4848, ,XXGZ LESQSUJB 017F35,Fruta, , ,4848,6.00
10230,7290000209555,"XZELB GDGJ LXG""R 7 F' WQFQ",Fruta IL,Concentrate,Diet concentrate,10230,10.00
25087,7290017105901,XZKHF EUTJ D68 UPSMC,Fruta IL, , ,25087,12.00
18486,7290000032665,"Y.DLF' O5 09% A""V A""B",Fruta ,Tomatoes,Tomato paste,18486,15.00
22602,900007,"Y.FZO. 27% CGKFB 868 LT CVEUO KY""E LGE SVZEX",Fruta, , ,22602,7.00
15691,7290002111672,"Y.XAW' V1 47% P""K M""I WXQ""M",Fruta Badaz,Tomatoes,Tomato paste,15691,8.00
5648,7290000209968,YAOI HTVEV 659 V' SADJ,Fruta IL,Tomatoes,Cooking sauces,5648,9.00
10527,7290010049004,YCKKV UVLJ LBWQD 4 D' DSLQVPDH,Fruta ,Concentrate,Diet concentrate,10527,14.00
15681,7290013531582,"YCSNU ZASFTE RBBFPAFQ 1VM S""W MKZMU MKNI",Fruta IL,Vegetables,Pickled vegetables,15681,14.00
5241,7290000208022,"YEVTGPG W7.9 R""F TPGZ",Fruta IL,Tomatoes,mashed tomatoes,5241,7.00
7259, ,"YEYSZY OOKDP B1 V""V IH&N",Fruta IL, , ,7259,12.00
20076,7290017105390,YGAVA O6 TJXU,Fruta IL,Tomatoes,Italian tomatoes,20076,14.00
6885,7290000209029,"YKDV 7% 3 C' IFLN WWV""S",Fruta IL,Concentrate,Vinegar,6885,14.00
5023,7290002111214,"YPBI LEFW P9 T""S F""F",Fruta Badaz,Corn,Corn,5023,6.00
