Part ID,Part Barcode,Part Name,Brand Des,Category Level 1,Category Level 2,Units in Carton,Cost
24815,7296073404163,YRHP LZWP 813 F' UHFSXN,Fruta ,Tomatoes,Cooking sauces,24815,12.00
5525,7290061020000,YRKMM GYUWE 4 J' UQTK,Fruta IL,Concentrate,concentrate,5525,7.00
23847,5018804042893,YRWQ NSSZ 674 QE' QY) ATJG),Fruta IL, , ,23847,9.00
23849,5018804042909,YSKT RCJT 866 JG' KO) CMDR),Fruta IL, , ,23849,12.00
24569, ,YTVCNQV 170 ZQJ UK&K,Fruta IL, , ,24569,12.00
12321, ,YVQPJ SIFD MCTOX 9 IKBL UP&E,Fruta IL, , ,12321,6.00
13330,7290013531612,YZCKPVPY 631 PN' DHOM,Fruta IL,Tomatoes,Cooking sauces,13330,6.00
22154,7290002111085,"Z.UYV' 59% 208 N' Z""M",Fruta Badaz,Tomatoes,Tomato paste,22154,8.00
5022,7290000208145,"ZBDB FOIK K1 E""T ZZSB",Fruta IL,Corn,Corn,5022,8.00
14580,7290000209579,"ZBJPK CEFH YJJG 0 W' JZVC MYE""M",Fruta IL,Concentrate,Diet concentrate,14580,14.00
18345,7290000208213,"ZBZYZK IVQOH M8 K""D KMEPK CLWC",Fruta IL,Legumes,bean,18345,6.00
24922,7290018359518,"ZDLS UVEJI 6DC D""W NCZXN XNJZ",Fruta IL,Corn,Corn,24922,9.00
24239,7290017105659,"ZFSC DLS""O 463 B' WGEO (VFAWQWD)",Fruta IL,Fruits,Fruit delicacies,24239,5.00
17945,7290017105093,"ZGCROO MZDJQ DFOJ 4JF O""A KMUF",Fruta IL,Legumes,bean,17945,11.00
24882,7290018359570,"ZGPGGA V'SKK 3ZA Q""X XSNUY HNOZ",Fruta IL,Legumes,bean,24882,11.00
12053,7290013531681,ZGZFV CDTQSV SMP 8 N'  ETON,Fruta IL,Concentrate,concentrate,12053,11.00
17675,7290013531971,"ZJKMG CELUUJ OYOQPAYT 0LH Z""U KKYOT FSIJ (L.M.)",Fruta IL,Vegetables,Pickled vegetables,17675,12.00
10220,7290000209579,ZJQRU JTWB PQEH 6 W' QJQD,Fruta IL,Concentrate,Diet concentrate,10220,10.00
5324,7290004165000,"ZKX KQS""M CDVPS J0 E""W AANK",Fruta IL,Fruits,Apple,5324,14.00
24636,7296073169246,ZLHO ZQQE 413 C' HSGADH,Fruta ,Tomatoes,Cooking sauces,24636,5.00
7276, ,ZMYHVT 568 YXE VK&G,Fruta IL, , ,7276,5.00
5229,7290000210438,ZNGEVFU P9 CXYK,Fruta IL,Tomatoes,mashed tomatoes,5229,5.00
16581,7296073162957,"ZQVDA JYLJ S7 X""B OP",Fruta ,Vegetables,Pea,16581,13.00
15433,7290000032825,"ZRYD YWON Z9 B""A A""N",Fruta ,Corn,Corn,15433,11.00
16638, ,ZSYG WKFB DZWACU 269 SCL DDPB OWWH,Fruta IL, , ,16638,5.00
24578,7290000208930,ZWGGMOT XZB 323 E' UEAH,Fruta IL,Tomatoes,mashed tomatoes,24578,8.00
10246,7290013010285,"ZXM HCR""H DDXN C2 O""M",Fruta Badaz,Fruits,Apple,10246,6.00
16579,7296073162902,"ZYTX UTZH V5 V""S KI",Fruta ,Corn,Corn,16579,8.00
7804, ,"ZZACW QFDPQO ZO""D (F""J IMJ""Z)",Fruta, , ,7804,9.00
